노선번호,노선형태,노선구분,노선유형,기점ID,종점ID,첨두시배차간격,비첨두시대차간격,노선총길이,노선개정번호,노선경유개정번호,관할관청,노선표준ID,운행개시일,운행종료일,BCP_ID,노선명,노선ID
260번,1,0,13,82,61,184,436,9532.7,1001,1001,구미시,355000270,20110101,20501231,1003,(구 125번)구미역_다식_괴평,26010
28-1번,1,0,13,82,187,0,0,28331.1,1001,1001,구미시,355002088,20110101,20501231,1003,(구 27번)구미역_원호동_대망_고아_지산_구미역_원호동,28-110
71-1번,3,0,13,435,435,172,172,58560.9,1001,1001,구미시,355002092,20110101,20501231,1003,(구 21-1번)선산_선산읍사무소_안곡1리_선산,71-130
28번,3,0,13,82,79,157,157,25684.2,1001,1001,구미시,355002216,20110101,20301231,1003,(구 27번)구미역_고아_대망_원호_구미역,2830
5100번,1,0,12,4042,883,125,125,39741.3,1001,1001,구미시,355002003,19000101,20300101,1003,김천_김천(구미)역_구미터미널옆_공단본부_황상동,510010
710번,3,0,12,435,435,100,436,34804.4,1001,1001,구미시,355000266,20110101,20301231,1003,(구 121번)선산_안곡_선산,71030
882번,1,0,13,80,2623,181,181,23430.1,1001,1001,구미시,355000172,20110101,20301231,1003,(구 47번)구미역_성곡,88210
72번,3,0,13,435,435,136,136,25263.7,1001,1001,구미시,355002056,20110101,20301231,1003,(구 39-1번)선산_옥성삼거리(산촌입구)_선산,7230
72-1번,3,0,13,435,435,330,330,33316.8,1001,1001,구미시,355002098,20110101,20501231,1003,(구 39-1번)선산_산촌입구_용포분교_산촌입구_선산,72-130
72-3번,3,2,13,435,435,17,17,47557.2,1001,1001,구미시,355000129,20110101,20301231,1003,(구 37번)선산_선산읍사무소_대원_산촌_낙동_교리e편한세상_선산읍사무소_선산,72-332
72-7번,3,0,13,435,435,245,245,23595,1001,1001,구미시,355000135,20110101,20301231,1003,(구 39번)선산_주아_옥성_선산,72-730
74-4번,3,0,13,435,435,157,157,60187.3,1001,1001,구미시,355000117,20110101,20301231,1003,(구 30번)선산_해평도리사_선산,74-430
882번,2,0,13,2265,79,133,133,23595.9,1001,1001,구미시,355000173,20110101,20301231,1003,(구 47번)성곡_구미역,88220
52-1번,2,2,11,4308,435,0,0,21584.8,1001,1001,구미시,355002295,20110101,20501231,1003,아포(칠산)_서당_선산터미널,52-122
777번,1,0,11,79,1998,0,0,2364,1001,1001,구미시,355002299,19000101,20800101,1001,버스 차고지행 노선입니다.,77710
380번,1,0,13,80,883,30,30,20524.4,1001,1001,구미시,355002249,20110101,20501231,1003,(구 40번)구미역_형남중_사곡동_순천향병원_황상,38010
91번,2,0,13,132,883,65,65,17274.6,1001,1001,구미시,355000009,20110101,20301231,1003,(구 4번)금오공대_황상,9120
24번,1,0,13,79,1048,67,67,9153.3,1001,1001,구미시,355002265,19000101,20500101,1003,(구 1-3번)구미역_도량1동_문성2지구,2410
175번,1,0,13,82,848,193,193,16367.1,1001,1001,구미시,355000243,20110101,20301231,1003,(구 83번)구미역_해평,17510
21번,3,0,13,332,331,46,46,14109.6,1001,1001,구미시,355002231,20110101,20501231,1003,청마루_경구고_5주공_구미역_5주공_경구고_청마루(신설),2130
140-3번,3,0,13,80,187,7,7,21283.6,1001,1001,구미시,355002135,20110101,20501231,1003,(구 14번)구미역_순천향병원_구미역_원호동,140-330
380-1번,1,0,13,80,618,0,0,27724.7,1001,1001,구미시,355002251,19000101,20500101,1003,(구 40번)구미역_형남중_순천향병원_황상_옥계대백,380-110
140-7번,3,0,13,188,79,0,0,21210.4,1001,1001,구미시,355002139,20110101,20501231,1003,(구 14번)원호동_구미역_순천향병원_구미역,140-730
26번,2,0,13,62,79,59,299,10382.1,1001,1001,구미시,355000106,20110101,20301231,1003,(구 25번)괴평_구미역,2620
380-2번,1,0,13,80,883,0,0,21836.6,1001,1001,구미시,355002253,19000101,20500101,1003,(구 40-1번)구미역_형남중_사곡고_순천향병원_황상,380-210
26-1번,2,0,13,61,187,0,0,13822.7,1001,1001,구미시,355002218,20110101,20501231,1003,(구 25번)괴평_구미역_원호동,26-120
172번,1,0,13,435,80,0,0,16903.7,1001,1001,구미시,355002245,19000101,20500101,1003,선산_고아_원호동_구미역(신설),17210
380-4번,1,0,13,332,883,0,0,28097.9,1001,1001,구미시,355002256,20110101,20501231,1003,(구 40번)봉곡청마루_5주공_구미역_형남중_순천향병원_황상,380-410
173번,1,0,13,435,80,186,186,18990,1001,1001,구미시,355002247,19000101,20500101,1003,선산_고아_5주공_구미역(신설),17310
260번,2,0,12,61,79,264,264,8209.1,1001,1001,구미시,355000271,20110101,20301231,1003,(구 125번)괴평_구미역,26020
410-1번,3,1,11,80,1048,0,0,30234.4,1001,1001,구미시,355002285,20110101,20301231,1001,구미역_임은동_구미역_원호동_문성2지구,410-131
29번,2,0,13,1048,79,73,73,8888.3,1001,1001,구미시,355002292,20110101,20301231,1003,문성2지구_시청후문_구미역,2920
175번,2,0,13,848,79,193,193,16494,1001,1001,구미시,355000244,20110101,20301231,1003,(구 83번)해평_구미역,17520
361번,2,0,13,2295,79,0,0,14613.8,1001,1001,구미시,355000053,20110101,20301231,1003,(구 15-1번)숭오리_상모고-사곡고_구미역,36120
380-2번,2,0,13,884,79,0,0,22043.9,1001,1001,구미시,355002254,19000101,20500101,1003,(구 40-1번)황상_순천향병원_사곡고_형남중_구미역,380-220
174번,1,0,13,435,82,200,200,24423.4,1001,1001,구미시,355000132,20110101,20301231,1003,(구 38번)선산_구미역,17410
174번,2,0,13,81,435,205,205,24413.1,1001,1001,구미시,355000133,20110101,20301231,1003,(구 38번)구미역_선산,17420
71-1번,2,0,13,409,435,178,178,31817.2,1001,1001,구미시,355002091,20110101,20501231,1003,(구 21-1번)안곡1리_선산,71-120
24번,1,3,13,99,1048,0,0,17969.5,1001,1001,구미시,355002289,19000101,20500101,1003,구운초등_구미역_문성2지구,2413
73-3번,2,0,13,4183,435,206,206,30498.6,1001,1001,구미시,355002263,20110101,20501231,1003,(구 31번)소보정류장_해평_선산,73-320
80번,2,0,11,26,1160,54,54,13754.3,1001,1001,구미시,355002320,20110101,20301231,1001,경운대_25번국도_부영아파트_성원아파트_인동차고지,8020
411-7번,3,1,13,80,187,0,0,25944.5,1001,1001,구미시,355000074,20110101,20301231,1003,(구 17번)구미역_임은동_상모고-사곡고-형곡경유_구미역_원호동,411-731
194번,2,0,13,554,79,110,110,11925.4,1001,1001,구미시,355002183,20110101,20501231,1003,(구 44-1번)양호동_신평시장_구미역,19420
194번,1,0,13,80,554,110,110,10071.7,1001,1001,구미시,355002182,20110101,20501231,1003,(구 44-1번)구미역_신평시장_양호동,19410
90번,2,0,13,848,708,45,45,18206.6,1001,1001,구미시,355002112,20110101,20501231,1003,(구 80번)해평_산동파출소_옥계대백_인동,9020
10-2번,3,0,13,2355,2355,0,0,13683.1,1001,1001,구미시,355000337,20110101,20301231,1003,왜관남부정류장_왜관공단_왜관남부정류장,10-230
90번,2,1,13,848,708,0,0,20970.8,1001,1001,구미시,355002113,20110101,20501231,1003,해평_산동_성수1리_4공단입구_인동,9021
74번,2,0,13,848,435,166,166,17499.7,1001,1001,구미시,355000098,20110101,20301231,1003,(구 23번)해평_선산,7420
74-1번,2,1,13,26,435,241,241,26944.1,1001,1001,구미시,355000100,20110101,20301231,1003,(구 23번)경운대_선산,74-121
90번,2,2,13,848,708,0,0,23254.8,1001,1001,구미시,355002114,20110101,20501231,1003,해평_산동파출소_옥계대백_금오공대_인동,9022
70-2번,3,0,13,435,435,61,61,14838.3,1001,1001,구미시,355002089,19000101,20500101,1003,선산_원3리_고아_선산,70-230
740번,2,0,12,848,435,102,102,17523.2,1001,1001,구미시,355000269,20110101,20301231,1003,(구 123번)해평_선산,74020
78번,2,0,13,740,435,0,0,32044.3,1001,1001,구미시,355002105,20110101,20501231,1003,(구 33번)장천_산동파출소_해평_선산,7820
70-2번,3,1,13,435,435,0,0,15850.2,1901,1901,구미시,355000116,20110101,20301231,1003,선산_원리_선산,70-231
80번,1,0,11,1160,26,54,54,13650.6,1001,1001,구미시,355002318,20110101,20301231,1001,인동차고지_성원아파트_부영아파트_25번국도_경운대,8010
80-1번,3,0,11,80,80,0,0,46557.6,1001,1001,구미시,355002319,20110101,20301231,1001,구미역_형곡우방아파트_공단본부_25번국도_경운대_강정_원호_구미역,80-130
11번,2,0,13,2355,79,24,24,27394,1001,1001,구미시,355000017,20110101,20301231,1003,왜관남부정류장_약목_구미역,1120
90번,1,0,13,709,848,43,43,18250.5,1001,1001,구미시,355000553,20110101,20301231,1003,(구 80번)인동_옥계대백_산동파출소_해평,9010
73-3번,1,0,13,435,4182,210,210,31745.2,1001,1001,구미시,355002262,20110101,20501231,1003,(구 31번)선산_해평_소보정류장,73-310
78-4번,2,0,13,746,435,0,0,23407.5,1001,1001,구미시,355002108,19000101,20500101,1003,산동_해평정류장_일선교_선산(신설),78-420
11-1번,3,0,13,2355,2355,230,230,29206.3,1001,1001,구미시,355000338,20110101,20301231,1003,왜관남부정류장_지경리_왜관남부정류장,11-130
380번,2,0,13,884,79,32,32,20689.8,1001,1001,구미시,355002250,19000101,20500101,1003,(구 40번)황상_순천향병원_사곡동_형남중_구미역,38020
74번,1,0,13,435,848,132,132,17488.7,1001,1001,구미시,355000097,20110101,20301231,1003,(구 23번)선산_해평,7410
193번,1,0,11,80,740,137,137,20797.9,1001,1001,구미시,355002178,19000101,20500101,1001,(구 170번)구미역_신평_금오공대_4공단입구_장천,19310
193-2번,1,0,13,80,740,0,0,25966.3,1001,1001,구미시,355002275,20160930,20301231,1003,구미역_신평시장_금오공대_4공단입구_산동농협경제사업소_경운대학교_장천터미널,193-210
900번,1,0,12,80,1029,60,60,17382.2,1001,1001,구미시,355002300,20190101,20200101,1001,구미역_강변코오롱하늘채_옥계휴먼시아_구미코_아사히글라스,90010
890번,2,1,12,848,79,872,872,34163.4,1001,1001,구미시,355000299,20110101,20301231,1003,(구 181번)해평_금오공대경유_구미역,89021
90번,1,1,13,80,848,477,477,29157.1,1001,1001,구미시,355002109,20110101,20501231,1003,구미역_인동_옥계대백_산동파출소_해평,9011
90번,1,2,13,709,848,0,0,21014.7,1001,1001,구미시,355002110,20110101,20501231,1003,인동_4공단입구_성수1리_해평,9012
740번,1,0,12,435,848,120,668,17511.5,1001,1001,구미시,355000268,20110101,20301231,1003,(구 123번)선산_해평,74010
90번,1,3,13,124,848,0,0,31524.7,1001,1001,구미시,355002111,20110101,20501231,1003,구미여고_구미역_해평(학생차량),9013
910-1번,2,1,12,1050,673,127,127,15608.3,1001,1001,구미시,355002317,20110101,20301231,1001,중흥S클래스_골드클래스1차_옥계부영아파트_신평시장_구미역,910-121
193-2번,2,0,13,740,79,0,0,26373.4,1001,1001,구미시,355002276,20160930,20301231,1003,장천터미널_경운대학교_산동농협경제사업소_4공단입구_금오공대_신평농협_구미역,193-220
890번,2,0,12,848,79,69,69,29115.2,1001,1001,구미시,355000298,20110101,20301231,1003,(구 181번)해평_인동_구미역,89020
891-1번,2,1,12,26,79,110,110,25730,1001,1001,구미시,355000303,20110101,20301231,1003,(구 188번)경운대_산동파출소_구미역,891-121
196번,2,0,11,26,79,47,47,20314,1001,1001,구미시,355002278,19000101,19000101,1001,경운대_금오공대_구미역,19620
140-6번,3,0,13,80,331,0,0,29450.5,1001,1001,구미시,355002138,20110101,20501231,1003,(구 14번)구미역_순천향병원_구미역_원호동_문성청솔아파트_청마루,140-630
404-1번,3,0,11,132,132,75,75,15478.6,1001,1001,구미시,355002279,19000101,20500101,1003,금오공대_옥계동부중-중흥S클래스-옥계동부중-금오공대,404-130
26-1번,1,0,13,188,61,0,0,14474.1,1001,1001,구미시,355002217,20110101,20501231,1003,(구 25번)원호동_구미역_다식_괴평,26-110
140-5번,3,0,13,80,790,0,0,23682.4,1001,1001,구미시,355002137,20110101,20501231,1003,(구 14번)구미역_순천향병원_구미역_도량1동_문성청솔아파트,140-530
95번,2,0,13,1063,708,117,117,10501.4,1001,1001,구미시,355002125,20110101,20501231,1003,(구 82번)산동_신당리_4공단입구_인동,9520
95-1번,2,0,13,740,708,232,232,18049.8,1001,1001,구미시,355000238,20110101,20501231,1003,(구81번)장천_경운대학교_산동파출소_4공단입구_인동,95-120
95-1번,2,1,13,26,708,0,0,13271.2,1001,1001,구미시,355002126,20110101,20501231,1003,(구81번)경운대학교_산동파출소_신당_옥계휴먼시아_인동,95-121
410-6번,3,0,13,791,79,0,0,30245.7,1001,1001,구미시,355002204,20110101,20501231,1003,(구 16번)문성청솔아파트_원호_5주공_구미역_임은동_구미역,410-630
95-2번,2,0,13,848,708,0,0,15820.3,1001,1001,구미시,355002129,20110101,20501231,1003,해평정류장_산동_신당리_4공단입구_인동,95-220
410-7번,1,1,13,80,790,0,0,27387.9,1001,1001,구미시,355000529,20110101,20301231,1003,(구 16번)구미역_임은동_구미역_원호동_문성청솔아파트,410-711
891번,2,0,12,614,79,120,120,17943.7,1001,1001,구미시,355000301,20110101,20301231,1003,(구 188번)옥계대백아파트_구미역,89120
140-4번,3,0,13,791,79,0,0,24055.5,1001,1001,구미시,355002136,20110101,20501231,1003,(구 14번)문성청솔아파트_도량1동_구미역_순천향병원_구미역,140-430
70-4번,3,0,13,435,435,250,250,19016,1001,1001,구미시,355000310,20110101,20301231,1003,(구 35-1번)선산_북산1리_선산,70-430
53번,2,0,13,89,4041,37,37,27660.7,1001,1001,구미시,355000180,20110101,20301231,1003,구미터미널건너_5주공_김천,5320
95-1번,1,0,13,709,740,215,215,18013.3,1001,1001,구미시,355000237,20110101,20501231,1003,(구81번)인동_4공단입구_산동파출소_경운대학교_장천,95-110
411-8번,3,0,13,791,79,0,0,27511.9,1001,1001,구미시,355002205,19000101,20500101,1003,(구 17번)문성청솔아파트_원호동_구미역_임은동_구미역,411-830
910-1번,1,1,11,80,1049,127,127,15243.2,1001,1001,구미시,355002316,19000101,21000501,1001,구미역_신평시장_우림필유A_골드클래스1차_중흥S클래스,910-111
72-6번,3,0,13,435,435,0,0,40825.8,1001,1001,구미시,355002102,20110101,20501231,1003,(구 37-1번)선산_옥관_산촌_대원2리_선산,72-630
411-9번,3,0,13,80,790,0,0,30049,1001,1001,구미시,355002206,20110101,20501231,1003,(구 17번)구미역_임은동_구미역_5주공_원호동_문성청솔아파트,411-930
120번,2,0,11,2638,79,120,120,20160,1001,1001,구미시,355002310,20110101,20501231,1001,효성해링턴_장곡중_남구미대교_동국방직_순천향병원_금오시장_구미역,12020
52-1번,2,0,13,4040,435,126,126,28360.7,1001,1001,구미시,355002219,20110101,20501231,1003,김천(구미)역_아포_선산터미널,52-120
70-1번,3,0,13,435,435,98,98,8946.4,1001,1001,구미시,355002220,19000101,20500101,1003,(구 28번)(구 29번)선산_황산_선산,70-130
11-5번,3,0,13,2355,2355,175,175,7961.1,1001,1001,구미시,355000344,20110101,20301231,1003,왜관남부정류장_삼청동_왜관남부정류장,11-530
884-1번,1,1,13,80,26,0,0,29258.8,1001,1001,구미시,355000217,20110101,20501231,1003,(구71번)구미역_신장리_장천터미널_경운대,884-111
884-1번,2,1,13,26,79,136,136,29959.6,1001,1001,구미시,355000218,20110101,20501231,1003,(구71번)경운대_장천터미널_신장리_구미역,884-121
72-6번,3,1,13,435,435,0,0,41367.4,1001,1001,구미시,355002103,20110101,20501231,1003,(구 37-1번)선산_옥관_산촌_대원2리_선산읍사무소_선산,72-631
72-2번,3,0,13,435,435,160,380,40550.6,1001,1001,구미시,355000103,20110101,20301231,1003,(구 24번)선산_낙동_선산,72-230
192번,1,0,12,80,848,148,148,26789,1001,1001,구미시,355000295,20110101,20301231,1003,(구 180번)구미역_금오공대_해평,19210
891번,1,0,12,80,618,118,118,18900.3,1001,1001,구미시,355000300,20110101,20301231,1003,(구 188번)구미역_옥계대백아파트,89110
20-3번,3,0,13,332,331,0,0,16987,1001,1001,구미시,355002084,19000101,20500101,1003,(구 2-1번)봉곡청마루_구미역_5주공_원호_봉곡청마루,20-330
20-2번,3,0,13,332,331,125,125,14314,1001,1001,구미시,355002083,20110101,20501231,1003,(구 2-2번)봉곡청마루_원호_구미역_원호_봉곡청마루,20-230
890번,1,0,12,80,848,63,63,28925.6,1001,1001,구미시,355000297,20110101,20301231,1003,(구 181번)구미역_인동_해평,89010
174-2번,1,1,13,435,80,524,524,28308.6,1001,1001,구미시,355000546,20110101,20301231,1003,(구 38번)선산_횡산_구미역,174-211
72-5번,3,0,13,435,435,0,0,42521.5,1001,1001,구미시,355002101,20110101,20501231,1003,(구 37-1번)선산_구봉_산촌_대원2리_선산,72-530
891-1번,1,1,12,80,26,110,110,26088.7,1001,1001,구미시,355000302,20110101,20301231,1003,(구 188번)구미역_산동_경운대,891-111
884번,2,0,13,740,79,261,261,24112.7,1001,1001,구미시,355000219,20110101,20501231,1003,(구71번)장천터미널_신장리_구미역,88420
160번,2,0,12,2392,79,82,82,14820.5,1001,1001,구미시,355002226,20110101,20301231,1003,(구 115번)인평중학교_구미역,16020
140-2번,3,0,13,80,331,0,0,25485.1,1001,1001,구미시,355002134,20110101,20501231,1003,(구 14번)구미역_순천향병원_구미역_봉곡청마루,140-230
160번,2,1,11,2641,79,135,135,15984.2,1001,1001,구미시,355002141,19000101,20500101,1001,(구 115번)북삼농협_인평중학교_사곡동_구미역,16021
884번,1,0,13,80,740,225,225,23571,1001,1001,구미시,355000216,20110101,20501231,1003,(구71번)구미역_신장리_장천터미널,88410
170번,1,3,12,124,435,0,0,22352.8,1001,1001,구미시,355000265,20110101,20301231,1003,(구 120번)구미여고_구미고_5주공_구미역_선산(학생차량),17013
23번,3,0,13,332,331,205,205,32411.7,1001,1001,구미시,355002085,19000101,20500101,1003,(구 1-2번)봉곡청마루_홈플러스_봉곡청마루,2330
72-4번,3,1,13,435,435,860,860,45612.9,1001,1001,구미시,355002045,20110101,20301231,1003,(구 37번)선산_낙동_산촌_대원_선산,72-431
190번,1,0,13,80,181,94,94,15558.9,1001,1001,구미시,355002260,20110101,20501231,1003,(구14-1번)구미역_신평시장_금오공대_옥계e편한세상,19010
140-1번,3,0,13,332,79,10,10,25776.6,1001,1001,구미시,355002133,20110101,20501231,1003,(구 14번)청마루_구미역_순천향병원_구미역,140-130
190-1번,1,0,13,332,181,0,0,22603.2,1001,1001,구미시,355002266,19000101,20500101,1003,(구 14-1번)봉곡청마루_구미역_금오공대_옥계e편한세상,190-110
20-2번,3,1,13,438,718,0,0,3710.3,1001,1001,구미시,355000004,20110101,20301231,1003,선주고-남통동(학생차량),20-231
85번,3,2,13,740,740,225,225,11472,1001,1001,구미시,355000226,20110101,20301231,1003,(구 74번)장천터미널_묵어리_장천터미널,8532
70번,3,0,13,435,435,196,196,9965.5,1001,1001,구미시,355002043,20110101,20301231,1003,(구 24-1번)선산_선산읍사무소_선산청소년수련관_선산읍사무소_선산(20:50 금요일만 운행),7030
10번,1,1,13,188,2355,0,0,35419.8,1001,1001,구미시,355000502,20110101,20301231,1003,원호동_구미역_인동_왜관,1011
10번,1,0,13,80,2355,48,48,32549.7,1001,1001,구미시,355000014,20110101,20301231,1003,구미역_인동_왜관,1010
90-2번,3,0,11,709,708,0,0,19237.5,1001,1001,구미시,355002116,19000101,20500101,1003,인동_옥계대백_금오공대_인동,90-230
110번,1,0,12,80,2355,159,159,30352.6,1001,1001,구미시,355000251,20110101,20301231,1003,구미역_인동_왜관,11010
174-1번,2,0,13,81,435,0,0,35499.5,1001,1001,구미시,355002155,20110101,20501231,1003,(구 38번)구미역_서당_횡산_선산,174-120
885번,2,0,13,2141,79,111,111,40239.6,1001,1001,구미시,355000202,20110101,20501231,1003,(구61번)동명_구미역,88520
10-1번,3,0,13,2355,2355,158,158,34633.8,1001,1001,구미시,355000335,20110101,20301231,1003,왜관남부정류장_성곡_왜관남부정류장,10-130
10번,2,0,13,2355,79,46,46,32781.3,1001,1001,구미시,355000015,20110101,20301231,1003,왜관_인동_구미역,1020
110번,2,0,12,2355,79,158,158,30269.7,1001,1001,구미시,355000252,20110101,20301231,1003,왜관_인동_구미역,11020
160번,1,0,12,80,2391,92,92,14502.1,1001,1001,구미시,355002225,20110101,20301231,1003,(구 115번)구미역_인평중학교,16010
160번,1,1,11,80,2640,135,135,15310.9,1001,1001,구미시,355002140,19000101,20500101,1001,(구 115번)구미역_사곡동_인평중학교_북삼농협,16011
160-1번,1,0,11,332,2391,0,0,22075.4,1001,1001,구미시,355002142,20110101,20501231,1001,(구 115번)봉곡청마루_5주공_구미역_상모동_인평중,160-110
101번,3,0,13,995,958,114,114,29666.1,1001,1001,구미시,355002065,20110101,20301231,1003,공단1동행정복지센터_1공단순환_공단1동행정복지센터,10130
881-1번,1,3,13,188,2440,208,208,38543.9,1001,1001,구미시,355000199,20110101,20501231,1003,(구 60번)원호_구미역_장천_천평,881-113
883번,2,0,13,740,79,106,106,25297.8,1001,1001,구미시,355000221,20110101,20501231,1003,(구72번)장천터미널_송학리_구미역,88320
883-1번,2,1,13,26,79,183,183,31144.7,1001,1001,구미시,355000223,20110101,20501231,1003,(구72번)경운대_장천터미널_송학리_구미역,883-121
884-2번,1,0,13,80,740,0,0,37687.1,1001,1001,구미시,355002208,20110101,20501231,1003,(구71번)구미역_인동_신장리_장천터미널_천평_장천,884-210
885-1번,1,1,13,80,2140,0,0,45726.9,1001,1001,구미시,355000201,20110101,20501231,1003,(구61번)구미역_장천_동명,885-111
883번,1,0,13,80,740,124,124,24800.3,1001,1001,구미시,355000220,20110101,20501231,1003,(구72번)구미역_송학리_장천터미널,88310
883-1번,1,1,13,80,26,163,163,31206.5,1001,1001,구미시,355000222,20110101,20501231,1003,(구72번)구미역_송학리_장천터미널_경운대,883-111
190번,2,0,13,181,79,76,76,15338.4,1001,1001,구미시,355002261,20110101,20501231,1003,(구14-1번)옥계e편한세상_금오공대_신평중학교_구미역,19020
190-3번,2,0,13,132,79,63,63,10262.4,1001,1001,구미시,355002173,20110101,20301231,1003,(구 14-1번)금오공대_구미역,190-320
192번,2,0,12,848,79,140,140,27254.5,1001,1001,구미시,355000296,20110101,20301231,1003,(구 180번)해평_금오공대_구미역,19220
193번,2,0,11,740,79,137,137,21247.4,1001,1001,구미시,355002179,19000101,20500101,1001,(구 170번)장천_4공단입구_금오공대_신평_구미역,19320
195번,2,0,13,543,79,79,79,18791.6,1001,1001,구미시,355002272,20110101,20301231,1003,아사히글라스_4공단입구_금오공대_공단본부_구미역,19520
51-1번,2,0,13,132,4041,181,181,44546.3,1001,1001,구미시,355000315,20110101,20301231,1003,금오공대_의동_김천,51-120
557번,2,0,12,132,4041,123,123,33687.1,1001,1001,구미시,355000309,20110101,20301231,1003,금오공대_김천,55720
182번,2,0,13,884,79,156,156,16772.3,1001,1001,구미시,355000150,20110101,20301231,1003,(구 42번)황상_전자공고(임수동)_구미역,18220
57번,2,0,13,132,4041,81,81,34650.8,1001,1001,구미시,355000192,20110101,20301231,1003,금오공대_5주공_김천,5720
25번,2,0,13,1048,79,54,54,9283.4,1001,1001,구미시,355002215,20110101,20501231,1003,(구 1-3번)문성2지구_도량1동_구미역,2520
57번,2,1,13,131,4041,146,146,36018.9,1001,1001,구미시,355002312,20110101,20301231,1003,금오공대_5주공_제석리_김천,5721
900번,2,0,13,543,79,60,60,17403.6,1001,1001,구미시,355002301,20190101,20200101,1001,아사히글라스_구미코_옥계휴먼시아_강변코오롱하늘채_구미역,90020
93번,1,0,13,709,554,109,109,10655.7,1001,1001,구미시,355002121,20110101,20501231,1003,(구 44번)인동_금오공대_양호동,9310
190-2번,1,0,13,188,181,0,0,18652.5,1001,1001,구미시,355002268,19000101,20500101,1003,(구 14-1번)원호_구미역_금오공대_옥계e편한세상,190-210
380-3번,2,0,13,884,79,0,0,22227.9,1001,1001,구미시,355002255,20110101,20501231,1003,(구 40-2번)황상_사곡동_금오고_형남중_구미역,380-320
380-3번,2,1,13,884,187,0,0,25308.3,1001,1001,구미시,355002259,19000101,20500101,1003,(구 40-2번)황상_사곡동_금오고_형남중_구미역_원호,380-321
74-3번,2,2,13,848,435,0,0,18402.1,1001,1001,구미시,355000102,20110101,20301231,1003,(구 23번)해평_독동_선산,74-322
140번,3,0,13,80,79,24,24,18116.8,1001,1001,구미시,355002130,20110101,20301231,1003,(구 14번)구미역_순천향병원_구미역,14030
140번,3,1,13,124,79,30,30,21210.4,1001,1001,구미시,355002131,20110101,20501231,1003,(구 14번)구미여고_구미역_순천향병원_구미역(학생차량),14031
188번,3,0,12,80,79,68,68,36060.2,1001,1001,구미시,355002290,19000101,21000101,1003,(구 143-1번)구미역_순천향병원_구평휴먼시아_구미역,18830
190-3번,1,0,13,80,132,68,68,10015.6,1001,1001,구미시,355002172,20110101,20301231,1003,(구 14-1번)구미역_금오공대,190-310
83번,3,0,13,740,740,134,134,20038.5,1901,1901,구미시,355000230,20110101,20301231,1003,(구 76번)장천터미널_오로리_장천터미널,8330
404번,3,1,13,132,132,67,67,26648,1001,1001,구미시,355002072,20110101,20301231,1003,금오공대_옥계우미린_공단순환_금오공대,40431
910번,1,0,12,80,1049,110,110,16439.6,1001,1001,구미시,355002302,20110101,20301231,1001,구미역_공단본부_옥계부영아파트_골드클래스1차_중흥S클래스,91010
666번,1,0,11,79,1999,0,0,4519.3,1001,1001,구미시,355002314,20190101,20301231,1001,CNG 충전소행,66610
73-2번,3,0,13,435,435,133,133,29559.3,1001,1001,구미시,355001562,20110101,20301231,1003,(구 22-1번)선산_다곡리_선산,73-230
78-3번,1,0,13,435,740,200,200,48258.2,1001,1001,구미시,355000126,20110101,20301231,1003,(구 34번)선산_다곡_장천터미널,78-310
96번,3,0,13,1064,1063,207,207,25203.8,1001,1001,구미시,355000245,20110101,20301231,1003,(구 84번)산동_송산_산동,9630
95번,1,0,13,709,368,90,90,14648.5,1001,1001,구미시,355002223,20110101,20501231,1003,(구 82번)인동_4공단입구_신당리_산동농공단지입구,9510
94번,2,0,13,519,708,183,183,12719.9,1001,1001,구미시,355002124,20110101,20501231,1003,(구 46번)신장리_금전동_양포동행정복지센터_인동,9420
185-2번,1,0,12,188,883,21,21,16095.6,1001,1001,구미시,355002237,20110101,20501231,1003,원호동_구미역_신평_비산_황상동(신설),185-210
185-1번,1,0,12,332,883,0,0,20575.5,1001,1001,구미시,355002164,20110101,20501231,1001,봉곡청마루_도량2동_5주공_구미역_신평_비산_황상동(신설),185-110
185번,1,1,13,124,883,0,0,16095.6,1001,1001,구미시,355002162,20110101,20501231,1001,구미여고_구미역_신평_비산_황상(학생차량),18511
185번,1,0,11,80,883,39,39,13002,1001,1001,구미시,355002161,20110101,20501231,1001,구미역_신평_비산_인동_황상(신설),18510
185-2번,2,0,12,884,187,22,22,16410.2,1001,1001,구미시,355002165,20110101,20501231,1001,황상동_비산_신평_구미역_원호동(신설),185-220
411-3번,3,9,13,332,79,409,409,28522.1,1001,1001,구미시,355002047,20110101,20301231,1003,(구 17번)청마루_원호동_구미역_임은동_구미역,411-339
411-1번,3,6,13,188,79,307,307,25176.3,1001,1001,구미시,355000536,20110101,20301231,1003,(구 17번)원호동_구미역_임은동_구미역,411-136
411-6번,3,5,13,80,187,0,0,25071.7,1001,1001,구미시,355000535,20110101,20301231,1003,(구 17번)구미역_임은동_구미역_원호동,411-635
2000번,1,0,11,1997,1998,0,0,73,1001,1001,구미시,355002315,19000101,21000101,1001,시험운행중인 노선입니다.,200010
411번,3,0,13,80,79,52,52,21719.2,1001,1001,구미시,355000069,20110101,20301231,1003,(구 17번)구미역_임은동_구미역,41130
5200번,2,0,12,550,4041,158,158,40078,1001,1001,구미시,355002006,19000101,20300101,1003,양포동행정복지센터_금오공대_구미터미널앞_김천(구미)역_김천,520020
5000번,2,0,12,89,4041,61,61,30173,1001,1001,구미시,355002002,19000101,20200101,1003,구미터미널_김천(구미)역_김천,500020
5100번,2,0,12,884,4041,125,125,39902.7,1001,1001,구미시,355002004,19000101,20601001,1003,황상동_공단본부_구미터미널_김천(구미)역_김천,510020
360번,2,0,13,2295,79,32,32,15666.6,1001,1001,구미시,355000047,20110101,20301231,1003,(구 15번)숭오리_형곡중_구미역,36020
161번,1,0,13,80,607,134,134,13204.5,1001,1001,구미시,355002227,20110101,20501231,1003,(구 6-1번)구미역_사곡_오태1동,16110
11-3번,3,0,13,2355,2355,184,184,27010.6,1001,1001,구미시,355000341,20110101,20301231,1003,왜관남부정류장_숭오리_왜관남부정류장,11-330
360-1번,2,0,13,2295,331,0,0,22803.8,1001,1001,구미시,355002194,20110101,20501231,1003,(구 15번)숭오리_구미역_도량5주공_봉곡청마루,360-120
410번,1,2,13,124,79,0,0,25120.9,1001,1001,구미시,355000530,20110101,20501231,1003,(구 16번)구미여고_구미역_임은동_구미역(학생차량),41012
410-1번,3,5,13,80,187,15,15,25043.2,1001,1001,구미시,355000524,20110101,20301231,1003,(구 16번)구미역_임은동_구미역_원호동,410-135
340번,3,2,13,124,651,0,0,8983,1001,1001,구미시,355002185,20110101,20501231,1003,(구 13번)구미여고_형남중_우방3차(학생차량),34032
881번,2,0,13,2440,79,67,67,24132.7,1001,1001,구미시,355000195,20110101,20501231,1003,(구 60번)천평_구미역,88120
410-5번,3,0,13,80,187,0,0,27812.7,1001,1001,구미시,355002203,20110101,20501231,1003,(구 16번)구미역_임은동_구미역_5주공_원호동,410-530
410-4번,3,0,13,188,79,0,0,27753.5,1001,1001,구미시,355002202,20110101,20501231,1003,(구 16번)원호동_5주공_구미역_임은동_구미역,410-430
303-1번,3,3,13,884,883,0,0,16248.6,1001,1001,구미시,355002304,19000101,20300101,1001,황상동_신동_인동행적복지센터미경유_황상동,303-133
410-2번,3,6,13,188,79,262,262,25120.9,1001,1001,구미시,355000525,20110101,20301231,1003,(구 16번)원호동_구미역_임은동_구미역,410-236
170-2번,1,0,11,435,187,0,0,19404.7,1001,1001,구미시,355002145,20110101,20501231,1001,(구 120번)선산_지산_구미역_원호동,170-210
461번,3,0,13,80,79,176,540,22428.3,1001,1001,구미시,355000083,20110101,20301231,1003,(구 19번)구미역_임은동_비산보성_구미역,46130
171번,1,0,13,435,79,26,26,19881.1,1001,1001,구미시,355000084,20110101,20301231,1003,(구 20번)선산_구미역,17110
882-1번,2,1,13,2265,187,0,0,26364.2,1001,1001,구미시,355000175,20110101,20301231,1003,(구 47번)성곡_구미역_원호동,882-121
170번,1,2,12,435,79,19,19,17265.1,1001,1001,구미시,355000259,20110101,20301231,1003,(구 120번)선산_구미역,17012
303번,3,0,13,884,883,76,76,12190.2,1001,1001,구미시,355002230,19000101,20500101,1003,황상동_3공단순환_황상동,30330
182번,1,0,13,80,883,130,130,16461.5,1001,1001,구미시,355000149,20110101,20301231,1003,(구 42번)구미역_전자공고(임수동)_황상,18210
183번,1,0,13,80,883,168,168,12442.6,1001,1001,구미시,355002157,19000101,20300101,1001,(구 142번)구미역_롯데마트_인동_황상동,18310
182-2번,1,0,13,80,883,118,118,13178.8,1001,1001,구미시,355002075,20110101,20301231,1003,(구 43-1번)구미역_신평시장_황상,182-210
183번,2,0,13,884,79,138,138,12729,1001,1001,구미시,355002158,19000101,20500101,1001,(구 142번)황상동_인동_롯데마트_구미역,18320
171-4번,1,0,13,435,79,159,159,27607,1001,1001,구미시,355000090,20110101,20301231,1003,(구 20-1번)선산_구미역_(직통),171-410
78-1번,1,0,13,435,1060,0,0,42438.5,1001,1001,구미시,355002106,20110101,20301231,1003,(구 32번)선산_장천터미널_산동파출소,78-110
170-2번,2,0,12,188,435,0,0,19171.5,1001,1001,구미시,355002146,20110101,20301231,1003,(구 120번)원호동_구미역_지산_선산,170-220
27번,2,0,13,136,1035,88,88,9443.3,1001,1001,구미시,355000111,20110101,20301231,1003,(구 12번)금오산_구미여중_구미역_5주공_구미대학교,2720
92-1번,1,0,13,709,26,148,148,20356.5,1001,1001,구미시,355002119,19000101,20500101,1003,(구 70번)인동_4공단입구_장천_경운대,92-110
97번,1,0,13,131,740,111,111,12270.9,1001,1001,구미시,355002273,20160930,20301231,1003,금오공대_4공단입구_임봉_장천터미널,9710
12번,1,0,11,80,2637,140,140,19808.2,1001,1001,구미시,355002307,20110101,20501231,1001,구미역_금오시장_순천향병원_동국방직_남구미대교_장곡중_효성해링턴,1210
73번,3,0,13,435,435,176,176,52418.4,1001,1001,구미시,355000095,20110101,20301231,1003,(구 22번)선산_용산_선산,7330
86번,3,0,13,740,740,0,0,10727.8,1001,1001,구미시,355002242,20110101,20501231,1003,(구73번)장천_와례마을_장천,8630
171-1번,2,4,13,188,435,0,0,22487.3,1001,1001,구미시,355000544,20110101,20301231,1003,(구 20번)원호동_구미역_선산,171-124
73-1번,3,1,13,435,435,0,0,53344.4,1001,1001,구미시,355000096,20110101,20301231,1003,(구 22번)선산_독동경유_용산_선산,73-131
78-2번,2,0,13,740,1060,0,0,9623.4,1001,1001,구미시,355002107,20110101,20501231,1003,(구 32번)장천_임천부처방_산동파출소,78-220
92번,2,0,13,740,708,66,66,14029.2,1001,1001,구미시,355002118,19000101,20500101,1003,(구 70번)장천_4공단입구_인동,9220
92-1번,2,0,13,26,708,145,145,19845.9,1001,1001,구미시,355002120,19000101,20500101,1003,(구 70번)경운대_장천_4공단입구_인동,92-120
170번,2,2,12,82,435,20,20,16441.9,1001,1001,구미시,355000260,20110101,20301231,1003,(구 120번)구미역_선산,17022
97번,2,0,13,740,132,110,110,12308,1001,1001,구미시,355002274,20160930,20301231,1003,장천터미널_임봉_4공단입구_금오공대,9720
195번,1,0,13,80,1029,80,80,18879,1001,1001,구미시,355002271,20110101,20301231,1003,구미역_공단본부_금오공대_4공단입구_아사히글라스,19510
730번,3,0,12,435,435,192,496,52373.9,1001,1001,구미시,355000559,20110101,20301231,1003,(구 122번)선산_용산_선산,73030
92번,1,0,13,709,740,59,59,13950.3,1001,1001,구미시,355002117,19000101,20500101,1003,(구 70번)인동_4공단입구_장천,9210
120번,1,0,11,80,2637,120,120,19808.2,1001,1001,구미시,355002309,20110101,20501231,1001,구미역_금오시장_순천향병원_동국방직_남구미대교_장곡중_효성해링턴,12010
84번,3,2,13,740,740,172,172,10343.7,1001,1001,구미시,355000228,20110101,20301231,1003,(구 75번)장천터미널_명곡리_장천터미널,8432
171번,2,0,13,82,435,25,25,19393.7,1001,1001,구미시,355000085,20110101,20301231,1003,(구 20번)구미역_선산,17120
95-2번,1,0,13,709,848,0,0,15832,1001,1001,구미시,355002127,20110101,20501231,1003,(구 82번)인동_4공단입구_신당리_산동_해평정류장,95-210
95-2번,1,1,13,709,848,0,0,20386.6,1001,1001,구미시,355002128,20110101,20501231,1003,인동_금오공대_4공단_신당리_산동_해평,95-211
410번,3,0,13,80,79,55,55,22027.4,1001,1001,구미시,355000056,20110101,20301231,1003,(구 16번)구미역_임은동_구미역,41030
172번,2,0,13,79,435,271,271,16734.1,1001,1001,구미시,355002246,19000101,20500101,1003,구미역_원호동_고아_선산(신설),17220
411-4번,3,7,13,80,331,391,391,28352.7,1001,1001,구미시,355000537,20110101,20301231,1003,(구 17번)구미역_임은동_구미역_원호동_청마루,411-437
196번,1,0,11,80,26,48,48,20488.2,1001,1001,구미시,355002277,19000101,19000101,1001,구미역_금오공대_경운대,19610
173번,2,0,13,79,435,187,187,18888.2,1001,1001,구미시,355002248,19000101,20500101,1003,구미역_5주공_고아_선산(신설),17320
20번,3,0,13,332,331,23,23,12763.9,1001,1001,구미시,355002080,20110101,20501231,1003,(구 2번)봉곡청마루_도량2동_구미역_도량2동_봉곡청마루,2030
20-1번,3,0,13,332,331,51,51,12989.3,1001,1001,구미시,355002082,20110101,20501231,1003,(구 2번)봉곡청마루_도량2동_구미역_도량2동_봉곡청마루,20-130
24번,3,0,13,1048,1048,24,24,17387.4,1001,1001,구미시,355002211,19000101,20500101,1003,(구 1번)문성2지구_구미역_문성2지구,2430
93번,2,0,13,554,708,108,108,12139.7,1001,1001,구미시,355002122,20110101,20501231,1003,(구 44번)양호동_금오공대_인동,9320
411-2번,3,4,13,80,79,191,191,26600.2,1001,1001,구미시,355002046,20110101,20301231,1003,(구 17번)구미역_오태1동_오태2동_구미역(임은동미경유),411-234
185번,2,0,11,884,79,34,34,13356,1001,1001,구미시,355002163,20110101,20501231,1001,황상_인동_비산_신평_구미역(신설),18520
60번,3,0,13,607,607,201,201,13656.7,1001,1001,구미시,355002009,19000101,20200101,1003,(구 6번)오태1동_오태2동_임은동_오태1동,6030
11-4번,3,0,13,2355,2355,203,203,23671.5,1001,1001,구미시,355000343,20110101,20301231,1003,왜관남부정류장_오평_덕산_왜관남부정류장,11-430
11-6번,3,0,13,2355,2355,195,195,23864.6,1001,1001,구미시,355002287,20180309,20301231,1001,왜관남부정류장_덕산_오평_왜관남부정류장,11-630
26번,1,0,13,82,61,24,201,11323.7,1001,1001,구미시,355000105,20110101,20301231,1003,(구 25번)구미역_다식_괴평,2610
60-1번,3,1,13,607,606,100,100,13432.1,1001,1001,구미시,355002052,19000101,20200101,1003,(구 6번)오태1동_오태2동_구봉_오태1동,60-131
885번,1,0,13,80,2140,132,132,40517.6,1001,1001,구미시,355000200,20110101,20501231,1003,(구61번)구미역_동명,88510
380-1번,2,0,13,614,79,0,0,27837.6,1001,1001,구미시,355002252,19000101,20500101,1003,(구 40번)옥계대백_황상_순천향병원_사곡동_형남중_구미역,380-120
91번,1,0,13,884,132,65,65,16603.4,1001,1001,구미시,355000008,20110101,20301231,1003,(구 4번)황상_금오공대,9110
52-1번,1,0,13,435,4040,130,130,28189,1001,1001,구미시,355002239,20110101,20501231,1003,선산_고아_아포역_김천(구미)역,52-110
52-1번,1,1,13,435,4307,112,112,18964,1001,1001,구미시,355002234,19000101,20500101,1003,선산_고아신촌_아포(칠산),52-111
52-1번,1,2,13,435,4040,0,0,32780.8,1001,1001,구미시,355002240,19000101,20500101,1003,선산_지2동_아포역_김천(구미)역,52-112
111번,1,0,12,80,2355,21,21,25860.8,1001,1001,구미시,355000253,20110101,20301231,1003,구미역_약목_왜관남부정류장,11110
140번,3,2,13,124,79,0,0,29880.7,1001,1001,구미시,355002132,20110101,20501231,1003,(구 14번)구미여고_청마루_도봉초_구미역_순천향병원_구미역(학생차량),14032
891-2번,2,0,12,614,79,0,0,15466.4,1001,1001,구미시,355002258,20110101,20501231,1003,(구 180-1번)옥계대백_금오공대_신평1동_구미역,891-220
111번,2,0,12,2355,79,21,21,27847,1001,1001,구미시,355000254,20110101,20301231,1003,왜관남부정류장_약목_구미역,11120
161번,2,0,13,607,79,134,134,13424.3,1001,1001,구미시,355000205,19000101,20500101,1003,(구 6-1번)오태1동_상모고등학교_구미역,16120
11번,2,1,13,2355,79,300,300,29219.5,1001,1001,구미시,355000019,20110101,20301231,1003,왜관남부정류장_약목_현대아파트_구미역,1121
11번,1,1,13,80,2355,0,0,27442,1001,1001,구미시,355000018,20110101,20301231,1003,구미역_현대아파트_왜관남부정류장,1111
11번,1,0,13,80,2355,29,29,26031.7,1001,1001,구미시,355000016,20110101,20301231,1003,구미역_약목_왜관남부정류장,1110
11번,1,5,11,80,2355,0,0,22132.9,1001,1001,구미시,355002284,20110101,20301231,1001,구미역_(공단미경유)_약목_삼주A_왜관남부정류장,1115
11번,1,3,13,80,2355,0,0,22111.3,1001,1001,구미시,355000021,20110101,20301231,1003,구미역_왜관남부정류장_(공단미경유),1113
11번,1,4,11,80,2355,90,90,26053.3,1001,1001,구미시,355002283,20110101,20301231,1001,구미역_약목_삼주A_왜관남부정류장,1114
171-2번,1,0,13,435,79,0,0,24170.2,1001,1001,구미시,355002147,20110101,20501231,1003,(구 20-2번)선산_형남중_구미역,171-210
171-3번,1,0,13,435,187,0,0,26799.6,1001,1001,구미시,355002149,20110101,20501231,1003,(구 20-2번)선산_형남중_구미역_원호동,171-310
162번,1,0,13,80,2426,163,163,24545.4,1001,1001,구미시,355002010,20110101,20301231,1003,(구 62번)구미역_지경리,16210
181번,2,0,13,884,79,48,48,18132.2,1001,1001,구미시,355000148,20110101,20301231,1003,(구 41번)황상_형곡중_구미역,18120
186번,2,0,12,884,79,134,134,16801.9,1001,1001,구미시,355002269,20110101,20301231,1003,(구 141번)황상_형곡중_구미역,18620
187-1번,3,0,11,332,79,0,0,44129.7,1001,1001,구미시,355002168,19000101,20500101,1001,(구 143번)봉곡청마루_구미역_신평_비산_구평휴먼시아_형곡중_구미역,187-130
162-1번,1,1,13,80,2426,136,136,21631,1001,1001,구미시,355000204,20110101,20301231,1003,(구 62번)구미역_지경리_(숭오리미경유),162-111
191번,2,0,13,181,79,76,76,20164,1001,1001,구미시,355002243,20110101,20501231,1003,(구13-1번)옥계e편한세상_4공단_금오공대_형곡동_구미역,19120
162번,2,0,13,2427,79,182,182,24485.9,1001,1001,구미시,355002241,20110101,20501231,1003,지경리_구미역,16220
360-2번,2,2,13,2295,187,200,200,18747,1001,1001,구미시,355000051,20110101,20301231,1003,(구 15번)숭오리_형곡중_구미역_원호동,360-222
360-3번,2,5,13,2295,331,188,188,21644.5,1001,1001,구미시,355000523,20110101,20301231,1003,(구 15번)숭오리_형곡중_구미역_원호_봉곡청마루,360-325
191-2번,2,0,13,181,331,0,0,26373,1001,1001,구미시,355002176,20110101,20501231,1003,(구 13-1번)옥계e편한세상_금오공대_형곡동_구미역_봉곡청마루,191-220
24-1번,1,2,13,1048,97,236,236,16982.8,1001,1001,구미시,355002288,19000101,20500101,1003,문성2지구_구미역_구운초등,24-112
554번,1,0,11,4040,91,335,335,21654.9,1001,1001,구미시,355002280,19000101,20500101,1001,김천(구미)역_아포읍사무소_구미터미널,55410
74-1번,1,1,13,435,26,256,387,27708.9,1001,1001,구미시,355000099,20110101,20301231,1003,(구 23번)선산_경운대,74-111
29번,1,0,13,82,1048,73,73,9437.4,1001,1001,구미시,355002291,20110101,20301231,1003,구미역_시청후문_문성2지구,2910
360번,1,0,13,80,2557,34,34,16125.8,1001,1001,구미시,355000046,20110101,20301231,1003,(구 15번)구미역_형곡중_숭오리,36010
22번,3,2,13,332,331,194,194,34548.2,1001,1001,구미시,355000323,20110101,20301231,1003,(구 1-1번)청마루_홈플러스_청마루,2232
340번,3,0,13,80,79,19,19,27713.3,1001,1001,구미시,355000027,20110101,20301231,1003,(구 13번)구미역_순천향병원_구미역,34030
340번,1,1,13,124,79,0,0,30666.5,1001,1001,구미시,355000512,20110101,20301231,1003,(구 13번)구미여고_구미역_순천향병원_구미역(학생차량),34011
340-1번,3,0,13,188,79,0,0,30603.5,1001,1001,구미시,355002186,19000101,20500101,1003,(구 13번)원호동_구미역_형곡동_순천향병원_형곡동_구미역,340-130
13번,1,0,13,79,1998,0,0,2364,1001,1001,구미시,355002305,20110101,20501231,1001,06:00부터23:20 까지 약1.5분 간격 운행,1310
13번,2,0,13,1998,80,0,0,2347.7,1001,1001,구미시,355002306,20110101,20501231,1001,06:00부터23:20 까지 약1.5분 간격 운행,1320
554번,2,0,11,89,4040,341,341,21198,1001,1001,구미시,355002281,19000101,20301231,1001,구미터미널_아포읍사무소_김천(구미)역,55420
340-2번,3,6,13,332,79,0,0,34063.9,1001,1001,구미시,355000508,20110101,20301231,1003,(구 13번)청마루_원호동_구미역_순천향병원_구미역,340-236
340-3번,3,0,13,332,79,0,0,35146.3,1001,1001,구미시,355002188,20110101,20501231,1003,(구 13번)청마루_구미역_순천향병원_구미역,340-330
340-4번,3,5,13,80,331,0,0,33472.2,1001,1001,구미시,355000507,20110101,20301231,1003,(구 13번)구미역_순천향병원_구미역_원호동_청마루,340-435
340-5번,1,2,13,80,790,0,0,33138.5,1001,1001,구미시,355000513,20110101,20301231,1003,(구 13번)구미역_순천향병원_구미역_원호동_문성청솔아파트,340-512
340-6번,3,0,13,791,79,0,0,33072.1,1001,1001,구미시,355002190,20110101,20501231,1003,(구 13번)문성청솔아파트_도량1동_구미역_형곡_순천향병원_구미역,340-630
340-7번,1,3,13,791,79,0,0,33964.8,1001,1001,구미시,355000514,20110101,20301231,1003,(구 13번)문성청솔아파트_새길도로_도량2동_도량교_구미역_순천향병원_구미역,340-713
340-7번,3,8,13,234,79,0,0,40150.1,1001,1001,구미시,355000510,20110101,20301231,1003,(구 13번)도봉초_문성청솔아파트_구미역_순천향병원_구미역,340-738
340-9번,3,2,13,80,187,0,0,30653.3,1001,1001,구미시,355000504,20110101,20301231,1003,(구 13번)구미역_순천향병원_구미역_원호동,340-932
360번,1,4,13,124,2557,300,300,19219.4,1001,1001,구미시,355000054,20110101,20301231,1003,(구 15번)구미여고_구미역_숭오리(학생차량),36014
360-1번,1,0,13,332,2557,15,15,23699.2,1001,1001,구미시,355002193,20110101,20501231,1003,(구 15번)봉곡청마루_구미역_숭오리,360-110
12번,2,0,11,2638,79,141,141,20160.1,1001,1001,구미시,355002308,20110101,20501231,1001,효성해링턴_장곡중_남구미대교_동국방직_순천향병원_금오시장_구미역,1220
360-2번,1,2,13,188,2557,268,268,19219.4,1001,1001,구미시,355000050,20110101,20301231,1003,(구 15번)원호_구미역_형곡중_숭오리,360-212
361번,1,0,13,80,2557,0,0,15631,1001,1001,구미시,355000052,20110101,20301231,1003,(구 15-1번)구미역_사곡고-상모고_숭오리,36110
74-2번,1,0,13,435,26,0,0,38314.1,1001,1001,구미시,355002104,20110101,20501231,1003,(구 23번)선산_도개_해평_산동파출소_경운대,74-210
95-1번,1,1,13,80,740,0,0,28193.9,1001,1001,구미시,355002224,20110101,20501231,1003,(구81번)구미역_옥계휴먼시아_신당_산동파출소_장천,95-111
171-3번,2,0,13,188,435,0,0,26756.8,1001,1001,구미시,355002150,20110101,20501231,1003,(구 20-2번)원호_구미역_형남중_선산,171-320
27번,1,0,13,1035,135,88,88,9356.8,1001,1001,구미시,355000110,20110101,20301231,1003,(구 12번)구미대학교_5주공_구미역_구미여중_금오산,2710
26-2번,3,0,13,82,79,73,73,25958.4,1001,1001,구미시,355002086,20110101,20501231,1003,구미역_대평리_송림사거리_구미역,26-230
26-2번,3,1,13,82,79,245,245,25958.4,1001,1001,구미시,355002087,20110101,20501231,1003,구미역_송림네거리_대평리_구미역,26-231
910번,2,0,12,1050,79,110,110,16771.4,1001,1001,구미시,355002303,20110101,20301231,1001,중흥S클래스_골드클래스1차_옥계부영아파트_공단본부_구미역,91020
70-3번,3,0,13,435,435,0,0,19913.2,1001,1001,구미시,355000127,20110101,20301231,1003,(구 35번)선산_봉남리_선산,70-330
187번,3,0,11,80,79,47,47,31920.1,1001,1001,구미시,355002270,20110101,20501231,1003,구미역_인동정류장_구평휴먼시아_구미역,18730
70-3번,3,1,13,435,435,0,0,20142.3,1001,1001,구미시,355001563,20110101,20301231,1003,선산_봉남리_읍사무소_선산,70-331
71번,3,1,13,435,435,197,197,34014.7,1001,1001,구미시,355002221,19000101,20500101,1003,(구 21번)선산_수다사안쪽_안곡_선산,7131
460번,3,0,13,80,79,0,0,27122.2,1001,1001,구미시,355000082,20110101,20301231,1003,(구 18번)구미역_비산보성_임은동_구미역,46030
181번,1,0,13,80,883,48,48,16622.3,1001,1001,구미시,355000147,20110101,20301231,1003,(구 41번)구미역_형곡중_황상,18110
71번,3,0,13,435,435,0,0,32174.5,1001,1001,구미시,355002090,20110101,20501231,1003,(구 21번)선산터미널_안곡_선산터미널,7130
71번,3,2,13,435,435,0,0,32716.1,1001,1001,구미시,355002222,20110101,20501231,1003,(구 21번)선산터미널_안곡_선산읍사무소_선산터미널,7132
71번,3,3,13,435,546,0,0,16373.7,1001,1001,구미시,355002097,20110101,20501231,1003,(구 21번)선산터미널_안곡,7133
52-1번,2,1,13,4308,435,0,0,18948.6,1001,1001,구미시,355002235,20110101,20501231,1003,아포(칠산)_고아신촌_선산터미널,52-121
94번,1,0,13,709,519,183,183,12760.7,1001,1001,구미시,355002123,20110101,20501231,1003,(구 46번)인동_양포동행정복지센터_금전동_신장리,9410
171-2번,2,0,13,82,435,0,0,23663.2,1001,1001,구미시,355002148,20110101,20501231,1003,(구 20-2번)구미역_형남중_선산,171-220
182-1번,1,0,13,332,883,0,0,28678.3,1001,1001,구미시,355002156,20110101,20501231,1003,(구 42번)봉곡청마루_5주공_구미역_형남중_인동_황상,182-110
186번,1,0,12,80,883,134,134,16622.3,1001,1001,구미시,355000276,20110101,20301231,1003,(구 141번)구미역_형곡중_황상,18610
191번,1,0,13,80,181,76,76,20124,1001,1001,구미시,355002174,20110101,20501231,1003,(구 13-1번)구미역_형곡_신평_비산_금오공대_옥계e편한세상,19110
78번,3,0,13,435,435,176,176,64434.3,1001,1001,구미시,355000124,20110101,20301231,1003,(구 33번)선산_장천터미널_선산,7830
92-2번,2,0,11,26,708,0,0,14827.2,1001,1001,구미시,355002322,20110101,20301231,1001,경운대_임봉초등_4공단입구_인동,92-220
92-2번,1,0,11,709,26,0,0,14842.8,1001,1001,구미시,355002321,20110101,20301231,1001,인동_4공단입구_임봉초등_경운대,92-210
00-0번,1,0,11,79,1999,0,0,4519.3,1001,1001,구미시,355002286,20100101,20900201,1001,미운행노선(버스 충전을 위한 노선입니다.),00-010
881번,1,0,13,80,2440,73,73,25277.2,1001,1001,구미시,355000194,20110101,20301231,1003,(구 60번)구미역_천평,88110
180번,2,0,13,105,79,120,120,14070.7,1001,1001,구미시,355002062,19000101,21000101,1003,(구 전기버스7번)구평예다음아파트_구미역,18020
101-1번,1,0,13,80,958,228,228,5735.2,1001,1001,구미시,355002066,19000101,20300101,1001,구미역_터미널_공단1동행정복지센터,101-110
180번,1,0,13,80,105,116,116,14337.4,1001,1001,구미시,355002061,19000101,21000101,1003,(구 전기버스7번)구미역_구평예다음아파트,18010
182-2번,2,0,13,884,79,153,153,13571.4,1001,1001,구미시,355002076,20110101,20301231,1003,(구 43-1번)황상_신평시장_구미역,182-220
303-1번,3,0,13,884,883,112,112,12095.9,1001,1001,구미시,355002229,19000101,20300101,1003,황상동_인동행정복지센터_황상동,303-130
101-1번,2,0,13,958,79,161,161,6578.6,1001,1001,구미시,355002067,19000101,20300101,1001,공단1동행정복지센터_터미널_구미역,101-120
184번,1,0,11,80,709,58,58,10577.8,1001,1001,구미시,355002159,20110101,20501231,1001,구미역_공단본부_인동,18410
303-1번,3,1,13,884,883,232,232,17293.9,1001,1001,구미시,355002070,20110101,20501231,1003,황상동_신동_인동행정복지센터_황상동,303-131
51번,3,0,13,4042,4041,160,160,42700.4,1001,1001,구미시,355000176,20110101,20301231,1003,김천_의동_아포역_김천,5130
303-1번,3,2,13,884,883,48,48,10988.3,1001,1001,구미시,355002184,19000101,20300101,1003,황상동_(인동행정복지센터미경유)_황상동,303-132
52번,2,0,13,435,4041,184,184,33736,1001,1001,구미시,355000178,20110101,20301231,1003,선산_김천,5220
11-2번,3,0,13,2355,2355,0,0,13703.5,1001,1001,구미시,355000340,20110101,20301231,1003,왜관남부정류장_왜관공단_왜관남부정류장,11-230
184번,2,0,13,708,79,52,52,10863.5,1001,1001,구미시,355002160,20110101,20501231,1001,인동_공단본부_구미역,18420
53번,2,2,11,89,4041,0,0,29071.5,1001,1001,구미시,355002313,20110101,20501231,1003,구미터미널건너_5주공_제석리_김천,5322
410-3번,3,0,13,332,187,0,0,40185.3,1001,1001,구미시,355002201,20110101,20501231,1003,(구 16번)청마루_구미역_오태2동_사곡_구미역_원호동,410-330
53번,2,1,11,89,4041,0,0,31735.2,1001,1001,구미시,355002094,20110101,20501231,1001,구미터미널_도량2동_현대A_구미대학교_김천,5321
411-5번,3,2,13,332,79,171,171,32568.1,1001,1001,구미시,355000075,20110101,20501231,1003,(구17번)청마루_원호동_구미역_오태1동_임은동_구미역,411-532
53-1번,2,1,13,89,4041,116,116,29609.1,1001,1001,구미시,355000182,20110101,20301231,1003,구미터미널건너_아포농공단지경유_김천,53-121
55번,2,0,13,607,4041,96,96,35643.1,1001,1001,구미시,355000186,20110101,20301231,1003,오태1동_구미역_김천,5520
553번,2,0,11,89,4041,110,110,30403.7,1001,1001,구미시,355000305,19000101,21000201,1001,구미터미널_대신_김천(구미)역_김천,55320
555-1번,2,0,12,89,4041,89,89,26684.7,1001,1001,구미시,355002008,19000101,19000101,1003,구미터미널_김천,555-120
5000번,1,0,12,4042,91,54,54,30481.9,1001,1001,구미시,355002001,19000101,20200101,1003,김천_김천(구미)역_구미터미널,500010
51-1번,1,0,13,4042,132,133,133,43180.3,1001,1001,구미시,355000314,20110101,20301231,1003,김천_의동_금오공대,51-110
52번,1,0,13,4042,435,0,0,33629.7,1001,1001,구미시,355000177,20110101,20301231,1003,김천_선산,5210
5200번,1,0,12,4042,551,156,156,40581.2,1001,1001,구미시,355002005,19000101,20500101,1003,김천_김천(구미)역_구미터미널옆_금오공대_양포동행정복지센터건너,520010
53번,1,0,13,4042,91,33,33,27618.3,1001,1001,구미시,355000179,20110101,20301231,1003,김천_5주공_구미터미널앞,5310
53-1번,1,1,13,4042,91,127,127,29623,1001,1001,구미시,355000181,20110101,20301231,1003,김천_아포농공단지경유_구미터미널앞,53-111
53번,1,1,11,4042,91,148,148,29159.8,1001,1001,구미시,355002095,20110101,20501231,1001,김천터미널_제석리_5주공_구미역_구미종합터미널,5311
55번,1,0,13,4042,607,96,96,35063.9,1001,1001,구미시,355000185,20110101,20301231,1003,김천_구미역_오태1동,5510
553번,1,0,12,4042,91,81,81,30376,1001,1001,구미시,355000304,20110101,20301231,1003,김천_김천(구미)역_대신_구미터미널,55310
555-1번,1,0,12,4042,91,93,93,26731.2,1001,1001,구미시,355002007,20020201,20300101,1003,김천_구미터미널,555-110
557번,1,0,12,4042,132,121,121,33327.4,1001,1001,구미시,355000308,20110101,20301231,1003,김천_금오공대,55710
57번,1,0,13,4042,132,64,64,34239.1,1001,1001,구미시,355000191,20110101,20301231,1003,김천_5주공_금오공대,5710
57번,1,1,13,4042,132,0,0,35731.4,1001,1001,구미시,355002311,20110101,20301231,1003,김천_제석리_5주공_금오공대,5711
